"","State Library","Flagstaff Station","Melbourne Central","Town Hall (West)","Australia on Collins","Southern Cross Station","Victoria Point","New Quay","Waterfront City","Webb Bridge","Princes Bridge","Flinders St Station Underpass","Sandridge Bridge","Birrarung Marr","Collins Place","Bourke Street Mall"
"1",0.192643711979468,0.178332241122491,0.297805833478837,0.388659542992252,0.175994549368041,0.110574495316971,0.0442815201887102,0.0445387735525092,0.0253023506848912,0.0365763954091768,0.220714102099578,0.270076929202619,0.0840224123874541,0.086767997877622,0.198054071866863,0.545638580794471
