"","State Library","Flagstaff Station","Melbourne Central","Town Hall (West)","Australia on Collins","Southern Cross Station","Victoria Point","New Quay","Waterfront City","Webb Bridge","Princes Bridge","Flinders St Station Underpass","Sandridge Bridge","Birrarung Marr","Flinders St-Elizabeth St (East)","Spencer St-Collins St (North)","Spencer St-Collins St (South)","Bourke St-Russel St (West)","Melbourne Convention Exhibition Centre","The Arts Centre","Bourke St-Russell St (West)","Convention/Exhibition Centre","Vic Arts Centre","Collins Place","Bourke Street Mall","QV","ChinaTown"
"1",0.203437142591452,0.177100202137976,0.305785484478931,0.360796117523453,0.175482783911171,0.125083533897814,0.0293307716169197,0.047495484411617,0.0265039968375139,0.0409078515758099,0.242101427436058,0.207501043283699,0.0884461565816078,0.0778324280734828,0.342536319050875,0.21520966389571,0.0603024799476929,0.13520332811631,0.099770622107128,0.201026576341241,0.143392036471914,0.114050139857865,0.193351283493753,0.185669020880893,0.544743438194605,0.276932274563913,0.268835775346828
